Dataset,Model,R2_mean,R2_std,MSE_mean,MSE_std,MAE_mean,MAE_std,RMSE_mean,RMSE_std,MAPE_mean,MAPE_std
UCI_Power,MP-LRNet,0.920096,0.002381,0.007602,0.000227,0.062809,0.001055,0.08718,0.001286,6.94884,0.121156
UCI_Power,LSTM-Only,0.379617,0.039098,0.058746,0.003702,0.175579,0.009675,0.242259,0.007506,20.154563,1.892017
UCI_Power,LSTM+RF,0.906594,0.002539,0.008845,0.00024,0.068405,0.000793,0.094038,0.001282,7.537259,0.100186
UCI_Power,LSTM+MP,0.45805,0.009611,0.051561,0.000914,0.169619,0.002267,0.227061,0.002008,20.029735,0.857795
UCI_Power,"MP-LRNet-7,28",0.911588,0.002231,0.0085,0.000215,0.067849,0.000883,0.092186,0.001165,7.688381,0.116498
