{
  "UCI_Power": {
    "MP-LRNet": {
      "r2": [
        0.922374,
        0.919001,
        0.921791,
        0.920091,
        0.922245,
        0.919873,
        0.922132,
        0.920231,
        0.913935,
        0.919285
      ],
      "mse": [
        0.007385,
        0.007706,
        0.007441,
        0.007602,
        0.007398,
        0.007623,
        0.007408,
        0.007589,
        0.008188,
        0.007679
      ],
      "mae": [
        0.062976,
        0.061304,
        0.061468,
        0.063657,
        0.061572,
        0.062444,
        0.062801,
        0.063316,
        0.064478,
        0.064079
      ],
      "rmse": [
        0.085938,
        0.087785,
        0.08626,
        0.087192,
        0.086009,
        0.087311,
        0.086071,
        0.087116,
        0.090488,
        0.087631
      ],
      "mape": [
        6.948118,
        6.78605,
        6.81536,
        7.080063,
        6.782933,
        6.955902,
        7.040894,
        7.012716,
        7.15747,
        6.908896
      ]
    },
    "LSTM-Only": {
      "r2": [
        0.297121,
        0.315657,
        0.410579,
        0.38888,
        0.365468,
        0.411737,
        0.397189,
        0.396197,
        0.412425,
        0.40092
      ],
      "mse": [
        0.066557,
        0.064802,
        0.055814,
        0.057868,
        0.060085,
        0.055704,
        0.057082,
        0.057176,
        0.055639,
        0.056728
      ],
      "mae": [
        0.196352,
        0.190921,
        0.16635,
        0.17094,
        0.17976,
        0.169756,
        0.171568,
        0.171316,
        0.168827,
        0.169998
      ],
      "rmse": [
        0.257987,
        0.254563,
        0.236249,
        0.240559,
        0.245123,
        0.236017,
        0.238918,
        0.239114,
        0.235879,
        0.238177
      ],
      "mape": [
        23.848053,
        23.286569,
        18.376427,
        18.469981,
        21.398729,
        19.296838,
        19.678076,
        18.686256,
        19.091423,
        19.413282
      ]
    },
    "LSTM+RF": {
      "r2": [
        0.90707,
        0.903652,
        0.906552,
        0.90491,
        0.906849,
        0.904082,
        0.91158,
        0.903402,
        0.908423,
        0.909419
      ],
      "mse": [
        0.0088,
        0.009123,
        0.008849,
        0.009004,
        0.008821,
        0.009083,
        0.008373,
        0.009147,
        0.008672,
        0.008577
      ],
      "mae": [
        0.067668,
        0.069254,
        0.068105,
        0.068887,
        0.068266,
        0.068998,
        0.066989,
        0.069774,
        0.068372,
        0.067733
      ],
      "rmse": [
        0.093807,
        0.095517,
        0.094068,
        0.094891,
        0.093919,
        0.095303,
        0.091502,
        0.09564,
        0.093122,
        0.092614
      ],
      "mape": [
        7.520096,
        7.605466,
        7.550345,
        7.616538,
        7.478292,
        7.595976,
        7.327008,
        7.70308,
        7.540177,
        7.435609
      ]
    },
    "LSTM+MP": {
      "r2": [
        0.450415,
        0.465663,
        0.467786,
        0.469769,
        0.46355,
        0.450395,
        0.438339,
        0.461328,
        0.463072,
        0.45018
      ],
      "mse": [
        0.052287,
        0.050836,
        0.050634,
        0.050445,
        0.051037,
        0.052289,
        0.053436,
        0.051249,
        0.051083,
        0.052309
      ],
      "mae": [
        0.171589,
        0.169223,
        0.166284,
        0.167879,
        0.168067,
        0.171989,
        0.17356,
        0.169204,
        0.167065,
        0.171334
      ],
      "rmse": [
        0.228663,
        0.225469,
        0.225021,
        0.224601,
        0.225914,
        0.228667,
        0.231162,
        0.226382,
        0.226015,
        0.228712
      ],
      "mape": [
        20.527197,
        20.310051,
        18.941021,
        19.99349,
        19.041769,
        20.988903,
        21.128486,
        19.995877,
        18.566421,
        20.80414
      ]
    },
    "MP-LRNet-7,28": {
      "r2": [
        0.910001,
        0.916121,
        0.911355,
        0.912668,
        0.912843,
        0.909168,
        0.91263,
        0.911236,
        0.912317,
        0.907547
      ],
      "mse": [
        0.008652,
        0.008064,
        0.008522,
        0.008396,
        0.008379,
        0.008732,
        0.008399,
        0.008534,
        0.00843,
        0.008888
      ],
      "mae": [
        0.06846,
        0.065973,
        0.067984,
        0.067323,
        0.067541,
        0.068998,
        0.067826,
        0.069017,
        0.067063,
        0.0683
      ],
      "rmse": [
        0.093018,
        0.089799,
        0.092315,
        0.091629,
        0.091537,
        0.093447,
        0.091649,
        0.092377,
        0.091813,
        0.094277
      ],
      "mape": [
        7.76751,
        7.550196,
        7.747236,
        7.572876,
        7.648477,
        7.92726,
        7.67718,
        7.775508,
        7.5236,
        7.693969
      ]
    }
  }
}